obligation_id,lane,required_artifact,required_table,required_row_type,mathematical_payload,why_required,chart_orientation_status,proof_reference,check_status,notes
three_wall_objects,o2_wall_atlas,retained_three_simple_wall_objects,certificates/wall_atlas/k3e_o2_atlas/wall_objects.csv,wall_object_row,delta_1_delta_2_delta_3_all_represented,row329_needs_one_source_wall_object_for_each_simple_root,missing_open_obligation,chapters/05_subsections/05_2_orientation.tex:prop:three-simple-wall-chart-orientation,verified,no_wall_object_rows_supplied
rank_one_wall_charts,o2_wall_atlas,rank_one_wall_chart_rows,certificates/wall_atlas/k3e_o2_atlas/wall_charts.csv,chart_row,normal_rank_1_for_each_simple_wall,orientation_sign_formula_needs_rank_one_crossing,missing_open_obligation,chapters/05_subsections/05_2_orientation.tex:prop:three-simple-wall-chart-orientation,verified,no_wall_chart_rows_supplied
normal_coordinate_flip,o2_wall_atlas,normal_coordinate_flip_rows,certificates/wall_atlas/k3e_o2_atlas/wall_charts.csv,reflection_flip_row,s_delta_i_u_i_equals_minus_u_i,minus_sign_requires_coordinate_flip,missing_open_obligation,chapters/05_subsections/05_2_orientation.tex:prop:three-simple-wall-chart-orientation,verified,no_reflection_flip_rows_supplied
invariant_tangent_unit,o2_wall_atlas,invariant_tangent_pfaffian_units,certificates/wall_atlas/k3e_o2_atlas/wall_charts.csv,unit_invariant_row,s_delta_i_upsilon_i_equals_upsilon_i,otherwise_the_sign_includes_a_tangent_character,missing_open_obligation,chapters/05_subsections/05_2_orientation.tex:prop:three-simple-wall-chart-orientation,verified,no_invariant_unit_rows_supplied
quotient_orientation,o1_o2,quotient_orientation_rows,certificates/wall_atlas/k3e_o2_atlas/wall_objects.csv,quotient_orientation_row,orientation_on_reduced_E_quotient_chart,chart_orientation_is_orientation_data_not_bare_coordinate_data,missing_open_obligation,chapters/05_subsections/05_2_orientation.tex:prop:three-simple-wall-chart-orientation,verified,no_quotient_orientation_rows_supplied
divisor_order,o2_wall_atlas,type_II_divisor_order_rows,certificates/wall_atlas/k3e_o2_atlas/wall_charts.csv,divisor_order_row,divisor_order_equals_1_for_each_simple_wall,orientation_sign_is_odd_crossing_sign,missing_open_obligation,chapters/05_subsections/05_2_orientation.tex:prop:three-simple-wall-chart-orientation,verified,no_divisor_order_rows_supplied
local_sign_rows,orientation,three_chart_orientation_rows,chart_orientation_rows.csv,orientation_row,omega_chart_i_equals_minus_one_for_i_1_2_3,row329_is_not_verified_without_populated_sign_rows,missing_open_obligation,chapters/05_subsections/05_2_orientation.tex:prop:three-simple-wall-chart-orientation,verified,no_chart_orientation_rows_supplied
transition_compatibility,transition,transition_compatible_chart_orientation_rows,chart_orientation_rows.csv,transition_row,orientation_signs_survive_R_to_Rprime,pro_object_orientation_requires_transition_compatible_chart_rows,missing_open_obligation,chapters/05_subsections/05_2_orientation.tex:prop:three-simple-wall-chart-orientation,verified,no_transition_rows_supplied
global_orientation_character,orientation_character,row_320_to_row_322_global_character,certificates/orientation/rhomred_weyl_orientation_simple_sign_computation/simple_sign_rows.csv,generator_sign_row,epsilon_o_values_after_chart_rows_and_character_rows,row329_only_computes_chart_orientation_when_charts_exist,missing_open_obligation,chapters/05_subsections/05_2_orientation.tex:prop:three-simple-wall-chart-orientation,verified,global_character_still_not_constructed
