firewall_id,forbidden_substitute,excluded,defect_rank,proof_reference,check_status,notes
fw_missing_edge_row,missing_edge_row,true,0,chapters/05_subsections/05_2_orientation.tex:prop:finite-stabilizer-odd-transfer,verified,transfer_target_zero_is_not_an_actual_retained_edge_row
fw_missing_coverage,missing_all_retained_coverage,true,0,chapters/05_subsections/05_2_orientation.tex:prop:finite-stabilizer-odd-transfer,verified,local_odd_transfer_is_not_all_retained_stabilizer_coverage
fw_beta_representative,beta_representative,true,0,chapters/05_subsections/05_2_orientation.tex:prop:finite-stabilizer-odd-transfer,verified,transfer_does_not_construct_equivariant_beta_representative
fw_null_trivialization,null_trivialization,true,0,chapters/05_subsections/05_2_orientation.tex:prop:finite-stabilizer-odd-transfer,verified,zero_target_does_not_supply_compatible_null_trivialization_rows
fw_even_stabilizer_cases,even_stabilizer_cases,true,0,chapters/05_subsections/05_2_orientation.tex:prop:finite-stabilizer-odd-transfer,verified,odd_transfer_does_not_treat_E2_or_two_primary_cases
fw_scalar_trace,scalar_trace,true,0,chapters/05_subsections/05_2_orientation.tex:prop:finite-stabilizer-odd-transfer,verified,scalar_trace_does_not_supply_odd_edge_data
fw_maass_character,maass_character_value,true,0,chapters/05_subsections/05_2_orientation.tex:prop:finite-stabilizer-odd-transfer,verified,Maass_character_values_are_not_odd_transfer_rows
fw_op_scalar_branch,op_scalar_branch,true,0,chapters/05_subsections/05_2_orientation.tex:prop:finite-stabilizer-odd-transfer,verified,OP_scalar_branch_is_not_an_odd_transfer_row
fw_protected_integration,protected_integration,true,0,chapters/05_subsections/05_2_orientation.tex:prop:finite-stabilizer-odd-transfer,verified,protected_integration_requires_orientation_data_not_supplied_here
