coverage_id,claim_kind,computed_value,expected_value,defect_rank,source_reference,check_status,notes
restriction_map_count,second_and_diagonal_restriction_maps,2,2,0,certificates/orientation/rhomred_finite_stabilizer_klein_four_b11/restriction_map_rows.csv,verified,two_cyclic_restriction_maps_recorded
b11_identity_count,b11_identity_rows,1,1,0,certificates/orientation/rhomred_finite_stabilizer_klein_four_b11/coefficient_identity_rows.csv,verified,b11_equals_r1_plus_r2_plus_r3_verified_locally
auxiliary_second_relation_count,b02_relation_inside_mixed_computation,1,1,0,certificates/orientation/rhomred_finite_stabilizer_klein_four_b11/coefficient_identity_rows.csv,verified,b02_equals_r2_used_inside_row_293
deferred_standalone_coefficient_count,deferred_row_294_standalone_b02,1,1,0,certificates/orientation/rhomred_finite_stabilizer_klein_four_b11/deferred_coefficient_rows.csv,verified,standalone_b02_identity_deferred
retained_cyclic_row_count,retained_cyclic_rows,0,0,0,certificates/orientation/k3e_reduced_orientation/finite_stabilizers.csv,verified,no_retained_cyclic_restriction_rows_supplied
r_value_count,r_values,0,0,0,certificates/orientation/rhomred_finite_stabilizer_klein_four_b11/coefficient_identity_rows.csv,verified,no_r_values_supplied
b11_value_count,b11_values,0,0,0,certificates/orientation/rhomred_finite_stabilizer_klein_four_b11/coefficient_identity_rows.csv,verified,no_b11_values_supplied
beta_vanishing_claim,beta_E2_vanishing,0,0,0,certificates/orientation/rhomred_finite_stabilizer_klein_four_b11/remaining_obligations.csv,verified,row_293_does_not_claim_beta_vanishing
protected_integration_claim,protected_integration,0,0,0,certificates/orientation/rhomred_finite_stabilizer_klein_four_b11/remaining_obligations.csv,verified,protected_integration_not_supplied
