obligation_id,lane,required_artifact,required_table,required_row_type,mathematical_payload,why_required,free_e_vanishing_status,proof_reference,check_status,notes
coefficient_values,row_282,connected_free_E_coefficients,free_e_obstruction_rows.csv,a1_a2_values,alpha_E_free_equals_a1_u1_plus_a2_u2,row_283_requires_the_coefficients_before_zero_can_be_checked,missing_open_obligation,chapters/05_subsections/05_2_orientation.tex:prop:free-e-borel-vanishing-criterion,verified,no_a1_a2_values_supplied
a1_zero,row_283,first_basis_zero,free_e_vanishing_rows.csv,a1_zero_row,a1_equals_0,row_283_requires_first_coordinate_to_vanish,missing_open_obligation,chapters/05_subsections/05_2_orientation.tex:prop:free-e-borel-vanishing-criterion,verified,no_a1_zero_row_supplied
a2_zero,row_283,second_basis_zero,free_e_vanishing_rows.csv,a2_zero_row,a2_equals_0,row_283_requires_second_coordinate_to_vanish,missing_open_obligation,chapters/05_subsections/05_2_orientation.tex:prop:free-e-borel-vanishing-criterion,verified,no_a2_zero_row_supplied
free_e_vanishing,row_283,zero_class_statement,free_e_vanishing_rows.csv,zero_class_row,alpha_E_free_equals_0,row_283_is_open_until_both_zero_coordinates_are_verified,missing_open_obligation,chapters/05_subsections/05_2_orientation.tex:prop:free-e-borel-vanishing-criterion,verified,no_free_E_vanishing_row_supplied
quotient_borel_free_e_row,row_283,quotient_Borel_zero_row,quotient_borel.csv,free_E_zero_row,edge_20_class_is_zero,orientation_ledger_has_empty_quotient_Borel_table,missing_open_obligation,chapters/05_subsections/05_2_orientation.tex:prop:free-e-borel-vanishing-criterion,verified,no_quotient_Borel_zero_row_supplied
free_e_null_trivialization,row_284,chosen_null_trivialization,free_e_nullhomotopy_rows.csv,cochain_row,chosen_trivialization_of_zero_class,row_284_is_stronger_than_row_283,missing_open_obligation,chapters/05_subsections/05_2_orientation.tex:prop:free-e-borel-vanishing-criterion,verified,no_null_trivialization_supplied
transition_compatibility,O1,successor_transport,transitions.csv,free_E_transition_row,zero_class_transport_under_successors,O1_needs_compatible_orientation_data_not_only_pointwise_zero,missing_open_obligation,chapters/05_subsections/05_2_orientation.tex:prop:free-e-borel-vanishing-criterion,verified,no_transition_row_supplied
vanishing_cycle_complex,O1,BBDJS_complex,vanishing_cycles.csv,free_E_orientation_payload,reduced_vanishing_cycle_coefficients,orientation_data_needed_before_vanishing_cycles,missing_open_obligation,chapters/05_subsections/05_2_orientation.tex:prop:free-e-borel-vanishing-criterion,verified,no_vanishing_cycle_row_supplied
protected_integration,O1,protected_integral,protected_integration.csv,free_E_orientation_payload,protected_trace_after_orientation,scalar_shadow_requires_orientation_data,missing_open_obligation,chapters/05_subsections/05_2_orientation.tex:prop:free-e-borel-vanishing-criterion,verified,no_protected_integration_row_supplied
