obligation_id,lane,required_artifact,required_table,required_row_type,mathematical_payload,why_required,klein_four_status,proof_reference,check_status,notes
retained_e2_edge_row,row_291,retained_E2_edge_reduction,finite_stabilizers.csv,edge_reduction_row,E2_edge_class_for_actual_retained_stratum,row_291_local_class_form_needs_actual_retained_edge_row_for_orientation,remaining_open_obligation,certificates/orientation/k3e_reduced_orientation/blocked_obligations.csv,verified,no_retained_E2_edge_row_supplied
equivariant_beta_representative,row_285,Cech_Borel_beta_representative,beta_representatives.csv,representative_row,beta_tilde_H_in_H2_H_S,row_291_applies_after_beta_representative_and_edge_reduction,remaining_open_obligation,certificates/orientation/rhomred_finite_stabilizer_beta/blocked_obligations.csv,verified,no_beta_representative_supplied
edge_reduction,row_285,Borel_edge_reduction,finite_stabilizers.csv,edge_reduction_row,ordinary_mixed_and_differential_terms_removed,row_291_is_only_classifying_space_edge_computation,remaining_open_obligation,certificates/orientation/rhomred_finite_stabilizer_beta/blocked_obligations.csv,verified,no_edge_reduction_row_supplied
b20_identity,row_292,first_cyclic_restriction,finite_stabilizers.csv,cyclic_restriction_row,b20_equals_r1,row_292_derives_first_coefficient_from_restriction,remaining_open_obligation,materials/processed/2026-06-05-k3xe-research-paper-optimization.txt:1399,verified,row_292_not_yet_supplied
b11_identity,row_293,third_cyclic_restriction,finite_stabilizers.csv,cyclic_restriction_row,b11_equals_r1_plus_r2_plus_r3,row_293_derives_mixed_coefficient,remaining_open_obligation,materials/processed/2026-06-05-k3xe-research-paper-optimization.txt:1400,verified,row_293_not_yet_supplied
b02_identity,row_294,second_cyclic_restriction,finite_stabilizers.csv,cyclic_restriction_row,b02_equals_r2,row_294_derives_second_square_coefficient,remaining_open_obligation,materials/processed/2026-06-05-k3xe-research-paper-optimization.txt:1403,verified,row_294_not_yet_supplied
beta_vanishing,row_295,Klein_four_zero_restrictions,finite_stabilizers.csv,zero_row,r1_equals_r2_equals_r3_equals_zero,row_295_is_later_zero_statement,remaining_open_obligation,materials/processed/2026-06-05-k3xe-research-paper-optimization.txt:1409,verified,row_295_not_yet_supplied
zero_linearization,row_289,E2_zero_linearization,finite_linearization_rows.csv,lambda_zero_row,lambda1_equals_lambda2_equals_zero,row_291_is_degree_two_class_only,remaining_open_obligation,certificates/orientation/rhomred_finite_stabilizer_linearization_vanishing/blocked_obligations.csv,verified,no_zero_linearization_row_supplied
protected_integration,O1,protected_integral,protected_integration.csv,finite_stabilizer_orientation_payload,protected_trace_after_orientation,scalar_shadow_requires_orientation_data,remaining_open_obligation,chapters/05_subsections/05_4_dirac_pfaffian.tex,verified,no_protected_integration_row_supplied
